id,first_name,city,birth_year
1,Sigismond,Moscow,2009
2,Basilius,New York City,2011
3,Daile,Manwakh,2008
4,Lewes,El Jícaro,1991
5,Corney,Biguaçu,2004
6,Cobbie,Camp Thorel,2003
7,Gusty,Blang Dalam,1999
8,Emera,Santo Domingo Oeste,2001
9,Galen,Longsheng,2000
10,Colby,Moscow,1989
11,Luise,Yabluniv,1995
12,Mead,Muleba,2009
13,Andy,Akriní,1996
14,Dolley,Moscow,2001
15,Ferdie,Moscow,2005
16,Matilda,Moscow,2009
17,Trent,Yiyang,2004
18,Wait,Baroh,2002
19,Waring,Kameoka,2007
20,Ravid,Al Wardānīn,2006
21,Maiga,Chão de Couce,2007
22,Silvio,Zhangjiaji,2002
23,Den,Prang Ku,1996
24,Gaspard,Pohbango,2010
25,Nancie,Guanlu,1992
26,Arch,Changqi,1993
27,Eldon,Santa Helena de Goiás,2007
28,Onofredo,Arapuey,1996
29,Dreddy,Ylöjärvi,2012
30,Brynna,Khirdalan,2006
31,Nedda,Taungoo,2003
32,Arvy,Leiling,1967
33,Merna,Brest,1995
34,Wilbur,Kemlya,1992
35,Jeremy,Najd al Jumā‘ī,1991
36,Henderson,Jepara,2007
37,Jed,Caohezhang,2006
38,Maximilianus,Bressuire,1999
39,Fenelia,Lame,2005
40,Jordanna,Yeghegnut,1992
41,Buckie,Moscow,2008
42,Cati,Nong Muang Khai,2001
43,Ginelle,Moscow,2007
44,Collie,Moscow,2010
45,Clair,Jacareí,2000
46,Meggie,Dengjia,2002
47,Levon,Gununganyar,2012
48,Athena,Guleluke,2004
49,Taddeusz,Peranap,2009
50,Spike,Ramos,1969
51,Maryellen,Noemuti,2003
52,Tito,Zliten,1995
53,Abraham,Las Animas,1986
54,Urson,Boston,2010
55,Smitty,Mīrābād,1989
56,Elaine,Kundung,1988
57,Tobye,Kolpny,2011
58,Nerita,Infantas,2000
59,Chloette,Tanjung Pandan,2003
60,Freida,Topi,2012
61,Gerty,Sincelejo,2005
62,Faulkner,Niquero,1998
63,Yolanthe,Khatanga,1999
64,Rufe,Shreveport,2012
65,Vern,Fuquan,2004
66,West,Hamburg Sankt Pauli,1988
67,Hilda,Leeuwarden,1998
68,Kitti,Baochang,1996
69,Jermayne,Curridabat,2005
70,Tansy,Gorna Oryakhovitsa,1984
71,Garvey,Suci Kaler,2006
72,Elyse,Huangbu,2004
73,Clara,Koropí,2008
74,Torrin,Ţūbās,2009
75,Padraic,Vientiane,1997
76,Whit,Aguitu,2013
77,Ezechiel,Koryukivka,1989
78,Kele,Durrës,2006
79,Emmie,Kamień Pomorski,1985
80,Vonnie,Liuji,2007
81,Sargent,Jiwei,1992
82,Micaela,San Ramon,2005
83,Hasty,Juli,2011
84,Matilda,Kolkhozobod,2010
85,Wyatan,Shujāābād,2001
86,Kassia,Sędziejowice,2007
87,Aleece,Saint John’s,1998
88,Vladimir,Kinsale,2011
89,Kenna,Eaton,1998
90,Ferdinanda,Donskoye,2008
91,Georgina,Sawangan,2010
92,Douglass,Yumani,2005
93,Johnny,Asheville,2009
94,Guido,Vyerkhnyadzvinsk,1999
95,Lorianne,San Antonio,1998
96,Darius,Cipanjang,2002
97,Maighdiln,Jianshan,2005
98,Mina,Shyroke,1988
99,Minnnie,Lingda,2011
100,Matthew,Emiliano Zapata,2010
101,Cointon,Princeville,1995
102,Lucien,Tobruk,1997
103,Sascha,Stepanivka,2005
104,Jasun,Uruzgān,1999
105,Miranda,Janes,2010
106,Carrissa,Cachachi,1993
107,Garland,Dębica,1992
108,Aubert,Cubará,2000
109,Liva,Tutul,2013
110,Katee,Cavaillon,1969
111,Elliott,Markog,2009
112,Phoebe,Leyuan,2003
113,Angelica,Shilong,2006
114,Freddy,Samsan,1999
115,Perice,Pasanggrahan,2001
116,Cassi,Stari Lec,2003
117,Eberhard,Beddeng,2011
118,Gayleen,Metz,2005
119,Manon,Río Bueno,1997
120,Danie,Visim,2010
121,Norby,Tarakan,2001
122,Geri,Segbwema,1998
123,Mathian,Great Neck,2006
124,Sigfried,Moulay Abdallah,1995
125,Kermy,Vällingby,2000
126,Isabel,Charopó,2007
127,Adolpho,Primorsko-Akhtarsk,2003
128,Sayer,Huzhen,2011
129,Ag,Empangeni,2001
130,Shani,Ash Shajarah,1987
131,Ben,Sanquan,2004
132,Mariette,Dongwan,1999
133,Margareta,Khinjān,2001
134,Cassie,New Panamao,2007
135,Rhetta,Bålsta,1984
136,Bendick,Daixi,2001
137,Reba,Wenfang,1986
138,Benedikt,Municipio de Copacabana,2003
139,Christian,Ngampon,2007
140,Filbert,Azacualpa,1987
141,Ginger,Pombal,2011
142,Bordy,Gaojimiao,2004
143,Zabrina,Karasuk,1997
144,Lane,Bapska,1997
145,Doyle,Mâcon,1994
146,Christos,Jbaïl,2002
147,Grange,Lipiany,1967
148,Odetta,Sayang Lauq,2009
149,Prescott,Pryazha,2004
150,Brodie,Cikarang,2002
151,Paulie,Bontoc,1999
152,Jedd,Correntina,2011
153,Rance,Villa del Carmen,1985
154,Diena,Lemende,1988
155,Wang,Myadzyel,2012
156,Fenelia,Busalangga,1995
157,Louis,Baoxia,1994
158,Marigold,Gouyan,2003
159,Geoffry,La Esperanza,1968
160,Dalila,Tocumen,2001
161,Eimile,Fuji,2000
162,Ali,Souto,1995
163,Berta,Kalandagan,2012
164,Florie,Ilo,1998
165,Bee,Gävle,2011
166,Idelle,Velké Meziříčí,2006
167,Nollie,Monte da Chaminé,2008
168,Sybille,Jablonec nad Nisou,2002
169,Keriann,Cametá,1999
170,Sky,Nizhniye Achaluki,1991
171,Michele,Llacanora,2006
172,Verine,Laweueng,1995
173,Marie-jeanne,Araras,2006
174,Hana,Corinto,2010
175,Randy,Kubangwaru,2001
176,Koressa,Cerenti,2002
177,Neddy,Umeå,1998
178,Merilyn,Xiongjia,2010
179,Gil,Meikeng,2010
180,Ertha,Fuquan,1994
181,Karee,Toupopu,1998
182,Sabine,Jabal os Saraj,1997
183,Anna-diana,Iyo,1995
184,Elli,Adelaide Mail Centre,2005
185,Tait,Sriwing,2009
186,Cyndi,Forshaga,1992
187,Chelsae,Boyany,2001
188,Pietro,Hartford,1984
189,Sandy,Löddeköpinge,2005
190,Cayla,Erdao,2010
191,Cassy,Hinlayagan Ilaud,2011
192,Judd,Yaojiagou,1988
193,Remington,Kasamatsuchō,1987
194,Sher,Gaurnadi,2007
195,Jude,Kampungmasjid,1994
196,Carmelita,Dunmanway,1986
197,Cross,Gongnong,2000
198,Teri,Dimitrovgrad,1999
199,Inga,Keta,2008
200,Aurora,Sanxianling,1993
201,Conny,Gubkinskiy,2009
202,Lorelle,Kukichūō,1990
203,Byrle,Delanggu,2002
204,Katherine,Malhão,2013
205,Angel,Aveleda,2005
206,Ardra,Staroshcherbinovskaya,1987
207,Tine,Beishan,2001
208,Mandy,Macau,2007
209,Aretha,Mehrābpur,1992
210,Saudra,Hậu Nghĩa,1996
211,Janina,Piribebuy,1994
212,Rosalyn,Sokolnice,2002
213,Lacey,Haugesund,1994
214,Andrew,Marco,2006
215,Kellina,Hule,2005
216,Mickie,Karlstad,1987
217,Etta,Besançon,1984
218,Nikaniki,Fentange,2003
219,Glynn,Petung,1995
220,Morten,Dean,1998
221,Merwyn,Uruaçu,2003
222,Si,Vuokatti,1997
223,Latia,Glyadyanskoye,1993
224,Brandice,Xinbu,2010
225,Spence,Salaberry-de-Valleyfield,1998
226,Ash,Mlawe,2002
227,Angeline,Sélestat,2012
228,Ardenia,San Sebastian,1995
229,Melisse,Bongandanga,2010
230,Burton,Ishiki,1994
231,Patty,Marília,2001
232,Ladonna,Jipijapa,2004
233,Sarina,Thị Trấn Tân Yên,2004
234,Jayme,Sharga,1996
235,Chery,Medalem,1996
236,Thorvald,Colcabamba,1998
237,Pernell,Tianyi,1995
238,Lorelle,Gudang,1995
239,Britt,Pakuwon,2009
240,Alanah,Zhendong,1993
241,Paulette,‘Arīqah,1995
242,Rory,Mamer,2012
243,Karyn,Nova Lima,1993
244,Pandora,Khvānsār,1993
245,Garland,Nāḩiyat Baḩār,2006
246,Paige,Huangrangping,1997
247,Annaliese,Wŏnju,2005
248,Marga,Tianhe,1994
249,Beatriz,Ueda,2000
250,Sandie,Helsingborg,1994
251,Yehudi,Pale,2006
252,Adele,Arroyo Seco,2002
253,Loralie,Tyre,2004
254,Urban,Purworejo,2012
255,Adolpho,Clearwater,1970
256,Wallace,Semikarakorsk,1993
257,Ransell,Magetlegar,1992
258,Forest,Pokrovskoye,1993
259,Theodosia,Valle de Ángeles,2009
260,Barnabas,Jundiaí,1998
261,Katrinka,Yantal’,2005
262,Inna,Hacıqabul,2001
263,Orsola,Namballe,2011
264,Katinka,Renyi,1996
265,Jackelyn,Pingding,2002
266,Lynea,Zerok-Alakadari,1997
267,Rutledge,Pleven,2005
268,Granville,Mossoró,2005
269,Manfred,Lubenec,1989
270,Drusy,Shanjeev Home,1992
271,Lianna,Guanbuqiao,2005
272,Darrick,Torslanda,2006
273,Bevvy,Logovskoye,2010
274,Jo,Loma Bonita,2004
275,Rita,Ardazubre,2008
276,Devinne,Jiangmen,2004
277,Cordey,Konibodom,2005
278,Waneta,Saint-Denis,2005
279,Constantina,Niushou,2006
280,Susannah,Kopychyntsi,1989
281,Joye,Serzedelo,1990
282,Hermione,Richmond,1989
283,Laney,Mahdia,2003
284,Fidole,Tamanar,1986
285,Coleen,Tingping,2009
286,Penrod,Bambuí,1992
287,Nichols,Manika,2012
288,Burke,Masingbi,1993
289,Shea,Jiangcheng,2000
290,Morganica,Indulang,2009
291,Baxter,Czeremcha,1992
292,Florenza,Ongkharak,1998
293,Reed,Kladruby,2013
294,Marcie,Köneürgench,2003
295,Robbin,Gaokan,2009
296,Ninnetta,Taketoyo,2003
297,Dena,Lobitos,2013
298,Hodge,Trŭn,2011
299,Glad,Kanie,1999
300,Baxy,Mūsá Qal‘ah,2008
301,Zerk,Kopang Satu,2009
302,Irene,Bor Ondor,2008
303,Bill,Buka,2012
304,Basile,Nandaime,1994
305,Olwen,Santa Catarina,1992
306,Jake,Calimete,1994
307,Sinclair,Dulovo,2006
308,Saundra,Songkan,2011
309,Gaye,Laval,1999
310,Pavel,Szeged,1997
311,Judd,Zhangbang,2009
312,Vladimir,Dadamtu,2002
313,Tonie,Liuhuang,2011
314,Skell,Likiep,1998
315,Felic,København,1996
316,Claudina,Mehrān,1995
317,Kane,Fengting,2011
318,Waylon,Tegalgede,2010
319,Riannon,Tulle,1991
320,Sanford,Muraharjo,2006
321,Romeo,Shchūchīnsk,2005
322,Gaultiero,Kosmach,1997
323,Bentley,Nossebro,2010
324,Oneida,Yashiro,2007
325,Gabbie,Karanglincak,1997
326,Montgomery,Mas‘adah,1999
327,Morgen,Simpanganduwet,2006
328,Dede,Suure-Jaani,1993
329,Mikey,Camaligan,2011
330,Florry,Dongbian,1993
331,Jard,Douliu,1999
332,Neille,Thap Khlo,2005
333,Hyman,Bắc Kạn,1998
334,Travus,Sobotín,1998
335,Flossy,Sumbersarikrajan,1991
336,Tasha,San Cristóbal,2006
337,Rick,Hamburg Sankt Pauli,2012
338,Elaine,Ben Arous,2009
339,Brenna,Nam Sách,2009
340,Evyn,Fuji,1997
341,Randy,Guaíra,1993
342,Graeme,Leninsk,2010
343,Adelice,Doudleby nad Orlicí,2002
344,Orella,Siteki,2008
345,Winn,Jiangguanchi,2011
346,Georges,Bandarbeyla,2010
347,Silvio,Banjar Serangan,1997
348,Kingsley,Rokem Barat,2008
349,Dara,Les Clayes-sous-Bois,2011
350,Jania,Millet,1996
351,Englebert,Longjing,1999
352,Aarika,Xiaochengzi,1990
353,Rafael,Marseille,1993
354,Clemmie,Shushary,2008
355,Bianca,Chadong,2009
356,Vanny,Lodja,1998
357,Chev,Główczyce,1998
358,Katharine,Losari,2003
359,Dynah,Borda da Mata,2010
360,Brandise,Huanghua,1994
361,Nadine,Rouen,1995
362,Carolee,Motuo,1995
363,Christal,Bang Nam Priao,1994
364,Cicely,Ismailia,2010
365,Britte,Ansheng,2011
366,Ronni,Budenovetc,2005
367,Tammy,Kotabaru,1991
368,Atalanta,Ballybofey,2001
369,Alana,Créteil,2012
370,Alfred,Baoxia,2003
371,Maryellen,Imtarfa,1983
372,Alaster,Chatian,2004
373,Benny,Rudong,2005
374,Bernette,Corga,1997
375,Joannes,Tangdukou,2004
376,Hildegaard,Sukhobezvodnoye,2001
377,Raymond,Apuri,2012
378,Briano,Chumphon Buri,1992
379,Othelia,Galleh Manda,1999
380,Ora,Hoxtolgay,1996
381,Modestine,Yenakiyeve,2002
382,Doti,Heqing,2009
383,Cale,Sayama,2006
384,Thorpe,Danyang,1995
385,Oswell,Pilawa,2000
386,Kin,Ar Rawḑah,2011
387,Emmalee,Zishan,1991
388,Lanny,Volnovakha,1993
389,Jenn,Buawan,2009
390,Luelle,Phatthalung,2011
391,Amargo,Tortosendo,2007
392,Andris,Wudil,1993
393,Kellen,Herceg-Novi,1987
394,Taryn,Oslo,1993
395,Kaiser,Samara,2005
396,Kendall,Bāsawul,2000
397,Elianora,Yunshan,1991
398,Estevan,Kotakan Selatan,1996
399,Ricard,Chincha Baja,1994
400,Melvin,Garahan,2010
401,Matthias,Non Sang,1966
402,Aurie,Krajan Tengah,1993
403,Kittie,Hongchun,1999
404,Cloris,Cabak Satu,2007
405,Rob,Piraí do Sul,2005
406,Haskel,Zhukovo,2007
407,Mortimer,Cholargós,2004
408,Raphaela,Daykitin,2004
409,Eloise,Zuitou,1996
410,Vivyan,Kuala Lumpur,2011
411,Violette,Berekum,2005
412,Ofella,Geneng,2011
413,Fania,Yueyang,2003
414,Rinaldo,Repentigny,1999
415,Rhodie,Monteros,1991
416,Issi,Gutang,1992
417,Vladimir,Beichan,2012
418,Victoir,Dole,1997
419,Gonzales,Bojong,1996
420,Marti,Haikou,1992
421,Jacquette,Semey,1992
422,Nat,Atlanta,1985
423,Gale,Grecheskoye,2012
424,Vernon,Santa Rosa,2006
425,Cesare,Nizhniy Tagil,2009
426,Demetria,Mmathubudukwane,2011
427,Web,Altagracia de Orituco,2008
428,Herve,Jianjiang,1994
429,Michael,San Jorge,1993
430,Wallas,Šentrupert,1990
431,Harv,Tocoa,2011
432,Andriana,Cergy-Pontoise,1994
433,Winthrop,Yutan,2010
434,Sarajane,Datong,1995
435,Agnesse,Kafr Zībād,2003
436,Helsa,Buenavista,2009
437,Elset,Varkaus,2009
438,Lucius,Ts’khinvali,1989
439,Lilly,Chancay,2005
440,Aylmer,Skrzyszów,2000
441,Angelika,Xiaxindian,1992
442,Kimble,København,2001
443,Addison,Pará de Minas,1996
444,Rey,Banana Village,2010
445,Corbett,Buđanovci,1990
446,Melisandra,Sollefteå,2008
447,Vin,Malinaw,2005
448,Glyn,Yangmadao,1990
449,Dun,Tanjung Raja,2009
450,Hebert,Boyu,2010
451,Lizbeth,Hushan,1985
452,Burg,San Clemente,2012
453,Carlos,Cardal,2006
454,Mair,Huertas,1998
455,Misti,Xin’an,1994
456,Kerby,Liuxiang,1996
457,Margot,San Francisco,1999
458,Ellerey,Sungaikakap,1965
459,Stavros,Kropachëvo,1992
460,Pansy,Nagorsk,1991
461,Linzy,Hong’an Chengguanzhen,2008
462,Monty,Tuchoměřice,1994
463,Martino,Black River,1992
464,Margalo,Brive-la-Gaillarde,2001
465,Melanie,Huambo,2012
466,Belia,Kez,1990
467,Conrade,San Felipe,2009
468,Ciro,El Pardo,2006
469,Derk,Oyo,1993
470,Lawry,Waterloo,1985
471,Consalve,Diaoluoshan,2003
472,Raff,Ręczno,2002
473,Edithe,Caiyuan,2008
474,Vincenty,Funan Chengguanzhen,2007
475,Deedee,San Miguel de Cauri,2008
476,Marty,Kyzyl-Kyya,2005
477,Wainwright,Carletonville,1959
478,Lucais,Xixiang,2007
479,Layton,Podporozh’ye,2001
480,Kalindi,Río,1987
481,Hilliard,Farīdpur,2011
482,Karina,Winterthur,2011
483,Paolina,Pucallpa,1994
484,Pooh,Xunzhong,2009
485,Dorolice,Hanyū,2011
486,Page,Póvoa,2011
487,Josephine,Maghār,1997
488,Alejandra,Kharlu,1998
489,Belita,Hekou,2007
490,Leigha,Al Mushannaf,1996
491,Frank,Paris 08,1987
492,Paige,Menggusi,2008
493,Minny,Skalat,1999
494,Caren,Huaminglou,2008
495,Eduino,Kurnia,1985
496,Karalee,Rio Branco do Sul,1993
497,Tresa,Matango,2011
498,Danna,Khenifra,2000
499,Annora,Dauriya,2002
500,Trey,General Luna,2012
501,Bo,Zinat,2007
502,Aloysia,Bayt Maqdūm,1988
503,Lucina,Pittsburgh,1999
504,Cinnamon,Hengshitang,1999
505,Tedman,Zombo,2006
506,Leicester,Shantou,1995
507,Malanie,Porsgrunn,2012
508,Erhard,Kardamás,1984
509,Luce,Bahāwalnagar,2009
510,Emmy,Kota Kinabalu,1996
511,Henri,Sukabatu,2008
512,Glynnis,Carapo,2011
513,Karry,Suzano,1988
514,Annamarie,Prado Siongco,2005
515,Leonanie,Shilong,2001
516,Arther,Johogunung,2002
517,Minor,Kačanik,2000
518,Risa,Kōnosu,1989
519,Karney,Parchowo,1985
520,Maxi,Su-ngai Kolok,1992
521,Borg,Dubreuil,2008
522,Alta,Honghuatao,2007
523,Bobbette,Vale,2009
524,Roderic,Zürich,2012
525,Frans,Rydzyna,2007
526,Erny,San Antonio,2006
527,Georgie,Jiulong,2004
528,Silvanus,Olyshivka,1998
529,Maison,Ponta Grossa,2003
530,Audra,Gafanha da Encarnação,2003
531,Trevor,Betioky,1985
532,Isa,Hanjia,1993
533,Bettina,Kanuma,1987
534,Dorolice,Huangge,1997
535,Bordy,Runjin,1996
536,Illa,Hebi,2004
537,Adoree,Zaoxi,2006
538,Eddi,Sesheke,2012
539,Rosalynd,Las Vegas,1997
540,Millisent,Surup,1967
541,Saxon,Sudogda,1993
542,Bowie,Itumbiara,2004
543,Marie-jeanne,Niños Heroes,1996
544,Franz,Ogawa,2005
545,Elvis,Ceibas,1996
546,Violet,Cantagallo,2000
547,Kaitlin,Kalāt,1994
548,Daisie,Smimou,2006
549,Janeen,Tomilino,1999
550,Selia,Umbanyar,2010
551,Bertie,Hecun,1976
552,Dayle,Santa Helena,1989
553,Terry,Lurugan,1997
554,Rikki,Kedungwringin Satu,2003
555,Letitia,Saint-Nazaire,1991
556,Patten,Maluno Sur,1999
557,Dur,Lospalos,1998
558,Lola,Não Me Toque,2011
559,Ives,Paraty,2001
560,Cinderella,Néa Péramos,2003
561,Dudley,Famaillá,1994
562,Bobbye,Langchi,2005
563,Worden,Mensalong,2012
564,Cassondra,Aş Şūrah aş Şaghīrah,1986
565,Eugine,Wasagu,1993
566,Joshua,Mora,2002
567,Hurlee,Xicun,2011
568,Cathrin,Sumuran,2004
569,Ardra,La Mesa,2010
570,Nonie,Biaoshan,1997
571,Maryl,Naval,2006
572,Daryl,Makiv,2003
573,Brody,Chã,2005
574,Lainey,Lirung,2002
575,Titos,Tampa,2002
576,Tabitha,Sandur,2009
577,Nananne,Hevlín,2003
578,Mildrid,Kedungwringin,2005
579,Keary,Călăraşi,1987
580,Tiffy,Bamnet Narong,2011
581,Domeniga,Krajan Pundungsari,2011
582,Karolina,Antsohihy,1988
583,Margeaux,Beicheng,2005
584,Lark,Shiliting,2002
585,Billie,Gonghe,1991
586,Becki,Krajan Winong,2005
587,Dione,Xiaoyue,2008
588,Jeanie,Gande,2007
589,Justinn,Canguaretama,2010
590,Zach,Hangji,2010
591,Rickie,Velingrad,1991
592,Midge,Porto Salvo,1996
593,Toby,Sukasada,2005
594,Adria,Huangjiakou,1990
595,Henryetta,Owerri,1988
596,Diann,Ebaye,1953
597,Matthiew,Boyang,2012
598,Galina,Xinhua,1996
599,Allen,Xiamao,2006
600,Barty,Stepove,1998
601,Francisca,Józefów,1998
602,Etta,Amado Nervo,2008
603,Larissa,Gading,2006
604,Haily,Chone,2009
605,Devin,Mumen,1992
606,Devi,Valašská Bystřice,1994
607,Guinevere,Kuchinarai,2006
608,Gianni,Gibgos,2005
609,Averil,Muyi,1992
610,Norton,Évry,2002
611,Morganne,Mafang,2005
612,Corby,Suphan Buri,1999
613,Ashleigh,Vila Nova,1998
614,Trixi,Doloon,2001
615,Farris,Yelizavetino,2008
616,Lionel,San Agustin,2013
617,Madison,Colonia Mauricio José Troche,2011
618,Lois,Aytos,2011
619,Miltie,20 de Noviembre,1999
620,Kati,Ichinomiya,2000
621,Cal,Itbayat,2006
622,Angus,Perelyub,2010
623,Kalinda,Chikola,2004
624,Hubey,Rio Pardo,2012
625,Derron,Chroustovice,1992
626,Vanna,Al Lagowa,1990
627,Rawley,Masumbwe,1994
628,Clarabelle,Brzeźnica,1993
629,Orran,Rust’avi,1997
630,Katerine,Bergerac,2009
631,La verne,Piraí do Sul,2013
632,Bent,Calilegua,2010
633,Urbanus,Xique Xique,2007
634,Neale,Nema,2006
635,Walden,Norton,2007
636,Osmond,Creil,1992
637,Chic,Péplos,2011
638,Bernard,Wilkes Barre,2000
639,Ashia,Hongjia,2005
640,Federico,Boguchwała,1997
641,Andrei,Shikeng,1995
642,Danika,Serra,2009
643,Cammi,Xundian,2003
644,Eachelle,Lages,2012
645,Dyane,Aguaí,2009
646,Aidan,Anjirserapat,2004
647,Emmie,Al Karāmah,2007
648,Leupold,Kálamos,2003
649,Axel,Umbulan,2008
650,Paton,Wissous,2005
651,Rolland,Agoo,2003
652,Brittne,Stavropol’,1996
653,Gregg,Hodoš,1999
654,Lezlie,Mendenrejo,2002
655,Conney,Yasnogorsk,2002
656,Ulrike,Strängnäs,2003
657,Shina,Esch-sur-Alzette,2010
658,Joya,Mikstat,1996
659,Ludvig,Gavrilov-Yam,1999
660,Neille,Villa Bisonó,2005
661,Myer,Yangi-Nishon Shahri,1999
662,Gui,Kertasari,1993
663,Elisha,Lublin,2001
664,Jorie,Doudleby nad Orlicí,1999
665,Merola,Igrim,2005
666,Grazia,Sukamulya,1987
667,Angelo,Barubandung,1986
668,Northrop,Barbacoas,2012
669,Tarah,Ligang,1994
670,Alfonso,Cadiz,1998
671,Minda,Palaió Fáliro,2002
672,Hakim,Ipoh,2009
673,Agnes,Bata Tengah,2012
674,Mitchael,Itanhaém,1998
675,Oneida,El Porvenir,1966
676,Karoly,Mörön,2003
677,Becki,Mayong,2005
678,Cedric,Orimattila,1993
679,Fergus,Isanlu Itedoijowa,2005
680,Alonzo,Yunfeng,1993
681,Gaultiero,Mirzec,2010
682,Ahmad,Galūgāh,1993
683,Burlie,Huangzhai,2010
684,Milicent,Rontu,1999
685,Cymbre,Kotlovka,2003
686,Hugibert,Janowiec,2007
687,Shelley,Qingminghe,1966
688,Clair,Luz de Tavira,1992
689,May,Tongquan,1989
690,Philly,Lephalale,2001
691,Jefferson,Ciudad Barrios,1999
692,Roderic,Settat,1984
693,Joshua,Pinara,1987
694,Edee,Da’an,2000
695,Rebbecca,Yangmingbu,2006
696,Denyse,Guihuaquan,1998
697,Laurianne,Mońki,1997
698,Frants,Munjul,1964
699,Magdaia,Chisec,2010
700,Cully,Jerez,2006
701,Dare,Asembagus,1992
702,Ezra,Chalu,2010
703,Erastus,Staraya Kulatka,1996
704,Katharyn,Quimilí,2002
705,Urbain,Caazapá,2009
706,Shay,Naj‘ Ḩammādī,1991
707,Lewie,Hidalgo,2008
708,Florella,Songhe,2007
709,Murray,Amiens,1998
710,Yorke,Émponas,2011
711,Shurlocke,Morelos,1996
712,Ayn,Lais,2011
713,Brittni,Baixi,1999
714,Elsbeth,Ash Shaddādah,1996
715,Amory,Lephalale,1996
716,Yancy,Xiaotao,1992
717,Maryrose,Chiara,2008
718,Hobart,Bantogon,2012
719,Jill,Bandeirantes,2007
720,Suzanne,Strelka,2013
721,Cindra,Ampasimanolotra,2012
722,Johnna,Wydminy,2010
723,Stefanie,Mazongling,2006
724,Henri,Ariz,2001
725,Chicky,Yitang,1990
726,Adan,Gangu Chengguanzhen,2003
727,Steward,Sogati,1992
728,Harp,Uddevalla,2006
729,Kristal,Phra Phrom,1996
730,Hogan,Parnamirim,2006
731,Adler,Gominhães,2010
732,Pepito,Ordos,1995
733,Kacey,Khūgyāṉī,1996
734,Des,Anrong,1985
735,Kate,Jiangcun,1986
736,Helena,Heping,2012
737,Bellina,Huangmu,2005
738,Christyna,Opuzen,1997
739,Weider,Goshogawara,1994
740,Bee,Fengcheng,2006
741,Aubrey,Kaliasin,2006
742,Granthem,Kislovodsk,1992
743,Arlette,Makale,1984
744,Valentijn,Santa Lucía,2003
745,Maribeth,Gwio Kura,1996
746,Ira,Zushi,1988
747,Rasia,Union,1997
748,Reine,Anchorage,1998
749,Chico,Antagan Segunda,2010
750,Elihu,San Rafael,2005
751,Erwin,Snegiri,1984
752,Stanwood,El Hamma,2007
753,Hashim,Youfang,1994
754,Emmie,Haveliān,2001
755,Devondra,Catamayo,2007
756,Doralynne,Madan,2011
757,Mada,Nakhabino,2005
758,Erny,Massenya,1998
759,Laura,Vamvakoú,2002
760,Florri,Paujiles,2008
761,Cyb,Tomobe,2006
762,Almeria,Quaraí,2012
763,Linea,Blansko,1963
764,Fremont,Babakan,1996
765,Casandra,Communal,2001
766,Kaitlynn,Gualeguay,2005
767,Alison,Manūjān,2002
768,Kimberlyn,Bantul,2007
769,Pietra,Lijie,1993
770,Alex,Qiujima,1996
771,Chaim,Staryy Krym,1993
772,Enrichetta,Kamen,1992
773,Monroe,Janeng,2001
774,Olga,Mardā,2001
775,Sonni,Khotiv,2005
776,Cirstoforo,San Lorenzo,2002
777,June,Padre Burgos,1986
778,Yvette,New Orleans,2006
779,Lalo,Abucay,2004
780,Maison,Deir Ḥannā,2000
781,Walther,Bambuí,2002
782,Alyss,Jalinan,2008
783,Kerwinn,Abuxarda,1997
784,Chucho,Yanji,2008
785,Loreen,Renhe,1994
786,Westley,Lemende,1998
787,Nessie,Berbek,1985
788,Staford,Cibeuti,2007
789,Barrett,Pul-e Sangī,2011
790,Rosalinda,Wenhe,2011
791,Hedi,Lindong,2008
792,Huntley,Chengjiao,2004
793,Vin,Quimperlé,1986
794,Gabriell,Lyeskawka,2012
795,Boy,Xiangcunxiang,2002
796,Rena,Los Cedrales,2010
797,Penn,Mairiporã,1995
798,Gaylord,Yuxi,2010
799,Eleanora,Senglea,2011
800,Cinnamon,Drogomyśl,2012
801,Erin,Yinglong,2008
802,Esme,Jajce,1991
803,Zarah,Aíyira,2007
804,Cyndie,Harian,1995
805,Myrtia,Santa Cecília,2010
806,Vanni,Pamotan,2000
807,Desmund,Johogunung,2004
808,Chloris,Aserrío de Gariché,2011
809,Ann,Põltsamaa,1993
810,Veda,Tongyuanpu,2008
811,Filia,Pushchino,2000
812,Wren,Górki Wielkie,2003
813,Davin,Oussivo,1964
814,Palmer,Ressano Garcia,2002
815,Perri,Sanjian,2007
816,Cortie,Vsevolozhsk,1994
817,Seymour,Za‘tarah,2011
818,Rochell,Laḩij,2011
819,Franchot,Lingkou,2011
820,Harv,Uchaly,2012
821,Willdon,Vespasiano,2003
822,Mackenzie,San Juan,2008
823,Alessandro,Simitli,1996
824,Judon,La Cruz,2001
825,Hannah,Žalec,2012
826,Joey,Wulan,2000
827,Jayne,Ageoshimo,2008
828,Marilee,Gondar,2007
829,Ashton,Santiago Nonualco,1996
830,Vikky,Si Narong,2002
831,Arron,Zadvorsko,2006
832,Farra,Jatinagara Kulon,2007
833,Elenore,Suzëmka,1957
834,Adelind,Guiglo,2006
835,Cris,Huaniao,2007
836,Latia,Stockholm,2002
837,Elora,Strogino,2010
838,Oneida,Xinqiao,2007
839,Shirleen,Tuplice,2009
840,Natividad,Golopau,2011
841,Willette,Pomerode,1994
842,Concordia,Kromasan,1995
843,Flinn,Orenburg,1993
844,Effie,Kavadarci,1992
845,Ferne,Infonavit,1999
846,Shalom,Yuankeng,2003
847,Artemas,Nowy Duninów,1999
848,Tobiah,Guatimozín,1992
849,Natassia,Chixi,1987
850,Jaimie,Concordia,1983
851,Blanch,Pirojpur,2008
852,Ezmeralda,Karema,2010
853,Howard,Gunungjulang,1993
854,Emmit,Melati,2007
855,Tasha,Bugembe,2007
856,Jaine,Tambillo,2006
857,Lilias,Arcoverde,1989
858,Granger,Vaulx-en-Velin,2005
859,Raffaello,Yablochnyy,2000
860,Erna,Luojiaping,1988
861,Florry,Julun,2006
862,Lois,Limoncito,2006
863,Webster,Velingrad,2002
864,Channa,Huacheng,2002
865,Gloriana,Sidonganti,2005
866,Andeee,Unión de Reyes,2012
867,Norbert,Kusheriki,2006
868,Dana,Donglai,2005
869,Esteban,Jingkou,2007
870,Amye,Tranca,2006
871,Guinevere,Tullinge,1993
872,Jean,Buenavista,1989
873,Sandor,Camachile,2008
874,Maxie,Dagup,1988
875,Shaylah,Tualangcut,1998
876,Alisander,Sharm el-Sheikh,2004
877,Louise,Blatnica,1992
878,Miguel,Yelenendorf,2012
879,Gav,Dengyue,2007
880,Natividad,Hefu,2009
881,Merry,Krajan Bejagung,1993
882,Jessy,Uzyn,2008
883,Munmro,Cagbang,1996
884,Tildi,Schäffern,1995
885,Bonni,Iza,1985
886,Shalom,Tantou,1995
887,Brandy,Mayqayyng,2007
888,Theresina,Cashel,2012
889,Darill,Mollas,2007
890,Nichole,Rodionovo-Nesvetayskaya,1998
891,Clarice,Sanandaj,2000
892,Westleigh,Lugang,2006
893,Mandie,Aix-en-Provence,1993
894,Ansley,Blainville,1994
895,Jimmy,Kebunkelapa,2008
896,Brig,Sahatsakhan,1998
897,Minnie,Comitancillo,1987
898,Lennie,Täby,2007
899,Stephan,Kauran,2007
900,Ania,Ar Rahad,2005
901,Corabelle,Kochani,1996
902,Paula,Longhua,2007
903,Tamra,Podwilk,2011
904,Cathryn,Kėdainiai,1992
905,Correy,Utabi,1995
906,Andie,Postira,2012
907,Nicki,Guling,2013
908,Mab,Liverpool,2002
909,Alexandrina,Ḩājī Khēl,1964
910,Paolina,Peishe,1992
911,Norry,Kibara,2010
912,Casar,Babug,2006
913,Gardner,Quảng Yên,1993
914,Dolores,Huerta Grande,2010
915,Chrysa,Al Qābil,1986
916,Remy,Jezzîne,1993
917,Avivah,Pridonskoy,1998
918,Delphine,Mendes,1989
919,Tobit,Hultsfred,1996
920,Bald,Impendle,1990
921,Karalynn,Kallithéa,1993
922,Jobey,Xianyan,1986
923,Guthrie,Louguan,2005
924,Nyssa,Curuzú Cuatiá,1988
925,Tremayne,Cikadongdong,2002
926,Marguerite,Hövsan,2005
927,Fredra,Pakuwon,2011
928,Mavra,Yuktae-dong,2001
929,Adriaens,Ivanovo,1992
930,Donn,Santo Amador,2003
931,Stephanie,Ganlin,1996
932,Isidoro,Valkeakoski,2005
933,Ranna,Landivisiau,1995
934,Marcelline,Phu Luang,1994
935,Estevan,Nakhon Nayok,2007
936,Shari,Orange,1992
937,Micky,Mondokan,2000
938,Neill,Hebu,2007
939,Booth,Ust’-Omchug,1998
940,Tiffany,Anjozorobe,2006
941,Beatriz,Matanzas,2009
942,Rafe,Karuk,2004
943,Crosby,Volodymyrets’,1987
944,Shara,Caucasia,2005
945,Nevsa,Sliema,1985
946,Willis,Kuala Lumpur,2003
947,Salli,Dzików Stary,2007
948,Carlota,Bolo,2003
949,Jan,Chigorodó,1998
950,Willyt,Shengli,1993
951,Granthem,Vitrolles,1997
952,Davey,Sabandia,2004
953,Curcio,Tubalan,2008
954,Robina,Pretoria,2009
955,Jake,Neiba,1986
956,Adele,Melíssi,2006
957,Pattie,Aurillac,2011
958,Sherman,Torrijos,1988
959,Coleen,Vila Nova,2013
960,Lilli,Lubei,2008
961,Alvera,Jintao,2009
962,Vaughn,Portëz,1997
963,Carson,Miribel,2006
964,Jourdan,Warungawi,1994
965,Sindee,Kunda,2003
966,Elfrieda,Tonggoh,1999
967,Marcille,Nove-Misto,2009
968,Nealson,Novoanninskiy,1986
969,Cori,Samadua,1950
970,Chrystel,Primero de Enero,2005
971,Ashia,Governador Valadares,2013
972,Caz,Smiřice,2006
973,Mamie,Nuits-Saint-Georges,2000
974,Caitlin,Bulgan,1993
975,Shaun,Kinzan,2003
976,Devondra,Wanfa,2003
977,Electra,Xiaoshan,2001
978,Curtice,Fengcheng,2004
979,Alisander,Cisitu,2007
980,Vic,Paghmān,2007
981,Orin,Aoji-ri,2000
982,Bel,Rostov-na-Donu,1987
983,Emmet,Amagbagan,1999
984,Christopher,Krasnokamsk,2009
985,Brok,Ladário,2012
986,Lenard,Shuigou,1997
987,Morlee,Mesa,1994
988,Ephraim,Qinnan,2010
989,Salomi,Lac La Biche,2008
990,Drud,‘Amd,2010
991,Constancia,Kombolcha,1994
992,Essy,København,2006
993,Wakefield,Sagara,1993
994,Mallissa,Sanhe,2005
995,Maurie,Maicao,1992
996,Debby,Guangpu,2000
997,Chevy,Suozhen,2004
998,Margo,Chelbasskaya,2005
999,Mala,Campok,2006
1000,Carlos,Açucena,2008
